{"cameraMode":{"drawMode":0,"name":"Shaded","section":"Shading Mode"},"sceneLighting":false,"audioPlay":false,"sceneViewState":{"showFog":true,"showMaterialUpdate":false,"showSkybox":false,"showFlares":true,"showImageEffects":true,"showParticleSystems":true},"in2DMode":false,"pivot":{"x":2102.30859375,"y":-5809.228515625,"z":7.999359130859375},"rotation":{"x":-0.029088571667671205,"y":-0.9650879502296448,"z":0.12105365842580795,"w":-0.23094163835048676},"size":646.9650268554688,"orthographic":false}