{"cameraMode":{"drawMode":0,"name":"Shaded","section":"Shading Mode"},"sceneLighting":true,"audioPlay":false,"sceneViewState":{"showFog":true,"showMaterialUpdate":false,"showSkybox":true,"showFlares":true,"showImageEffects":true,"showParticleSystems":true},"in2DMode":false,"pivot":{"x":728.045654296875,"y":-74.11066436767578,"z":-301.87579345703127},"rotation":{"x":-0.012006637640297413,"y":0.9749706387519836,"z":-0.215775728225708,"w":-0.05385534465312958},"size":810.910888671875,"orthographic":false}