{"cameraMode":{"drawMode":0,"name":"Shaded","section":"Shading Mode"},"sceneLighting":false,"audioPlay":false,"sceneViewState":{"showFog":true,"showMaterialUpdate":false,"showSkybox":false,"showFlares":true,"showImageEffects":true,"showParticleSystems":true},"in2DMode":false,"pivot":{"x":-8332.8193359375,"y":-1128.171875,"z":87.9253158569336},"rotation":{"x":-0.008699800819158554,"y":-0.9832074046134949,"z":0.04750726744532585,"w":-0.1767648607492447},"size":425.93597412109377,"orthographic":false}