{"cameraMode":{"drawMode":0,"name":"Shaded","section":"Shading Mode"},"sceneLighting":false,"audioPlay":false,"sceneViewState":{"showFog":true,"showMaterialUpdate":false,"showSkybox":false,"showFlares":true,"showImageEffects":true,"showParticleSystems":true},"in2DMode":false,"pivot":{"x":497.165771484375,"y":2183.90380859375,"z":-39.39900207519531},"rotation":{"x":-0.029088571667671205,"y":-0.9650879502296448,"z":0.12105365842580795,"w":-0.23094163835048676},"size":1127.5125732421875,"orthographic":false}