{"cameraMode":{"drawMode":0,"name":"Shaded","section":"Shading Mode"},"sceneLighting":false,"audioPlay":false,"sceneViewState":{"showFog":true,"showMaterialUpdate":false,"showSkybox":false,"showFlares":true,"showImageEffects":true,"showParticleSystems":true},"in2DMode":false,"pivot":{"x":-8966.4267578125,"y":75.23538208007813,"z":2134.90185546875},"rotation":{"x":-0.029088571667671205,"y":-0.9650879502296448,"z":0.12105365842580795,"w":-0.23094163835048676},"size":7.493417263031006,"orthographic":false}