{"cameraMode":{"drawMode":0,"name":"Shaded","section":"Shading Mode"},"sceneLighting":true,"audioPlay":false,"sceneViewState":{"showFog":true,"showMaterialUpdate":false,"showSkybox":true,"showFlares":true,"showImageEffects":true,"showParticleSystems":true},"in2DMode":false,"pivot":{"x":90.36572265625,"y":275.5126647949219,"z":107.25912475585938},"rotation":{"x":-0.009507440961897374,"y":-0.9907498359680176,"z":-0.09358128160238266,"w":0.09899814426898956},"size":241.57803344726563,"orthographic":false}