{"cameraMode":{"drawMode":0,"name":"Shaded","section":"Shading Mode"},"sceneLighting":false,"audioPlay":false,"sceneViewState":{"showFog":true,"showMaterialUpdate":false,"showSkybox":false,"showFlares":true,"showImageEffects":true,"showParticleSystems":true},"in2DMode":false,"pivot":{"x":3012.65576171875,"y":655.1295166015625,"z":-94.31265258789063},"rotation":{"x":-0.029088571667671205,"y":-0.9650879502296448,"z":0.12105365842580795,"w":-0.23094163835048676},"size":851.3731689453125,"orthographic":false}